Фамилия;Имя;отчество;Login;Password;Role
Якушев;Евсей;Лукьевич;loginDEdcx2018;TYlFkM;Клиент
Фёдоров;Святослав;Григорьевич;loginDEnsa2018;LdqH+T;Клиент
Борисов;Герман;Дамирович;loginDErxm2018;8EavEy;Клиент
Ситников;Серапион;Фролович;loginDEaic2018;X2adoa;Менеджер
Третьяков;Валерьян;Иринеевич;loginDEwul2018;uK&3Zr;Менеджер
Комиссарова;Мария;Владимировна;loginDEjgl2018;++04Tb;Клиент
Меркушева;Раиса;Владленовна;loginDEgtk2018;pNWXhi;Клиент
Калашникова;Венера;Якуновна;loginDEvrd2018;S7N9hz;Клиент
Комиссаров;Семён;Павлович;loginDExky2018;Kt9EAS;Администратор
Денисов;Митрофан;Егорович;loginDExnj2018;IJDdP0;Менеджер
Матвиенко;Дамир;Богданович;loginDEnbu2018;86uDLd;Клиент
Кириллов;Константин;Алексеевич;loginDEiik2018;gKt2zV;Клиент
Медведьев;Фёдор;Мэлсович;loginDEwyi2018;9eskgK;Клиент
Карпов;Евгений;Лукьевич;loginDEpfr2018;mW1Q36;Клиент
Маркова;Евдокия;Артёмовна;loginDEjct2018;3WpoK9;Клиент
Красильников;Тихон;Богданович;loginDEsmg2018;ApH1By;Клиент
Титов;Семён;Иринеевич;loginDEexu2018;Nt44pG;Менеджер
Кудряшов;Борис;Иринеевич;loginDEztr2018;MYCgB7;Менеджер
Гаврилова;Нинель;Денисовна;loginDEwrc2018;SktJa|;Менеджер
Быков;Дмитрий;Валерьянович;loginDEzjs2018;|x{s+X;Менеджер
Фомичёв;Денис;Федосеевич;loginDEeka2018;mLZvLv;Менеджер
Белова;Марфа;Матвеевна;loginDEepr2018;BG6tpN;Администратор
Романова;Марина;Лаврентьевна;loginDEsnq2018;hrD}}g;Администратор
Беспалов;Демьян;Витальевич;loginDEvqn2018;LPa|e3;Клиент
Архипова;Венера;Демьяновна;loginDEery2018;*I0Rdi;Клиент
Носков;Парфений;Георгьевич;loginDElqv2018;Hqfw17;Клиент
Зыков;Иван;Варламович;loginDEtuz2018;Yln7JW;Менеджер
Иванов;Иван;Протасьевна;loginDEllr2018;hXtdCD;Менеджер
Рожков;Протасий;Альвианович;loginDEisy2018;5k5dHN;Менеджер
Большакова;Нинель;Протасьевна;loginDEqiv2018;h+N2uW;Администратор
Наумова;Лидия;Донатовна;loginDEmfu2018;{ZpDBn;Клиент
Панова;Ольга;Олеговна;loginDEgbd2018;+86Nf*;Менеджер
Комаров;Аркадий;Иванович;loginDEkdg2018;R0tt07;Администратор
Федосеева;Тамара;Михаиловна;loginDEjrs2018;MVg{yd;Администратор
Пестов;Роман;Михаилович;loginDEmvd2018;wyLDa{;Клиент
Блинов;Артём;Ильяович;loginDEctc2018;B&dlx+;Менеджер
Владимирова;Полина;Иринеевна;loginDEavf2018;oDTttg;Клиент
Силин;Игнатий;Яковович;loginDEako2018;tD8J5+;Администратор
Кононов;Геннадий;Созонович;loginDEzrg2018;WXIgGi;Менеджер
Дьячков;Фрол;Арсеньевич;loginDEdwq2018;WkTaBP;Менеджер
Горбачёв;Арсений;Григорьевич;loginDEszg2018;NWkAVP;Клиент
Виноградов;Яков;Онисимович;loginDEmeh2018;HQ+m4W;Клиент
Лаврентьева;Валентина;Васильевна;loginDEpwm2018;be7AT0;Клиент
Брагин;Лукьян;Мартынович;loginDEnaq2018;I8c5EB;Клиент
Трофимов;Кондрат;Игоревич;loginDEtuk2018;6aDAzV;Менеджер
Степанова;Глафира;Авксентьевна;loginDEhsb2018;n|I6A0;Клиент
Федосеев;Пётр;Григорьевич;loginDEaoi2018;Dl58m|;Менеджер
Поляков;Николай;Антонович;loginDErmk2018;D3GuIv;Менеджер
Медведев;Владимир;Онисимович;loginDEfnd2018;74D9|d;Менеджер
Иванов;Иван;Мэлорович;loginDEtza2018;A7Qldh;Менеджер
