Фамилия;Имя;Отчество;Login;Password;Role
Герасимов;Вячеслав;Ростиславович;loginDEftn2018;gPq+a};Клиент
Суворов;Всеволод;Богданович;loginDEhuv2018;EJFYzS;Менеджер
Ширяев;Иван;Игоревич;loginDEfhd2018;{4wU7n;Администратор
Колобова;Иванна;Геннадьевна;loginDEaon2018;&OmaNE;Клиент
Шестаков;Антон;Константинович;loginDEyat2018;ELSTyH;Менеджер
Игнатьев;Федосей;Богданович;loginDEmin2018;pQ6jze;Менеджер
Горбунов;Валентин;Григорьевич;loginDEzal2018;zbU8R5;Менеджер
Терентьева;Анжела;Михаиловна;loginDEemw2018;NxhF5I;Администратор
Мясникова;Ия;Евсеевна;loginDEmqt2018;SIasu5;Клиент
Горбунов;Григорий;Денисович;loginDEpxx2018;Xv{vjN;Менеджер
Герасимов;Олег;Авксентьевич;loginDEetv2018;lNi&rF;Менеджер
Меркушева;Нинель;Матвеевна;loginDEonq2018;mKIIRQ;Клиент
Степанов;Григорий;Матвеевич;loginDErhl2018;U}rb9j;Администратор
Агафонов;Владлен;Станиславович;loginDEfou2018;O+S9hm;Клиент
Кузнецов;Фрол;Георгьевич;loginDElno2018;le1vt2;Менеджер
Игнатьев;Борис;Владиславович;loginDEtbx2018;CQplH|;Менеджер
Симонов;Юрий;Созонович;loginDEltw2018;zvjkwE;Администратор
Степанов;Евсей;Федотович;loginDEfuz2018;ILry03;Менеджер
Зыков;Вячеслав;Антонович;loginDEygj2018;7b6PUb;Менеджер
Анисимова;Алина;Протасьевна;loginDEwpn2018;9BBkXP;Клиент
Артемьева;Лариса;Макаровна;loginDEyix2018;6zbXg*;Менеджер
Мамонтова;Ия;Христофоровна;loginDEtms2018;70Z&Zy;Администратор
Котова;Светлана;Леонидовна;loginDEmgl2018;QJNgD&;Менеджер
Фёдорова;Алла;Брониславовна;loginDEhix2018;ZKnd*0;Клиент
Гущина;Анжела;Аркадьевна;loginDEwbk2018;iJMh5B;Менеджер
Дмитриев;Григорий;Мэлорович;loginDEpwa2018;yn5MLQ;Менеджер
Дроздова;Фёкла;Митрофановна;loginDElrx2018;lbX+dF;Клиент
Гаврилов;Василий;Германович;loginDEidx2018;R2j0mn;Менеджер
Суханова;Фаина;Юрьевна;loginDEzmk2018;ZrgBk6;Клиент
Савельев;Егор;Сергеевич;loginDEvje2018;gCU1fd;Клиент
Иван;Васильевна;Фёдорович;loginDEwun2018;yy+Qhe;Клиент
Сазонова;Клавдия;Евгеньевна;loginDEfzq2018;36H8f};Администратор
Шаров;Григорий;Созонович;loginDEwel2018;UU5FTi;Клиент
Щербаков;Кондрат;Фёдорович;loginDEljg2018;CT44Gc;Клиент
Дроздов;Дмитрий;Юлианович;loginDEgsp2018;9ACW}r;Клиент
Молчанов;Юрий;Лукьянович;loginDEjvp2018;etLGcB;Администратор
Тихонов;Валентин;Авдеевич;loginDEapt2018;cwx{RH;Клиент
Виноградов;Юрий;Лукьевич;loginDEilb2018;IN2Ahc;Менеджер
Горбунова;Нинель;Сергеевна;loginDErch2018;|&DFy+;Клиент
Маслов;Леонид;Николаевич;loginDEfwx2018;t|*wCk;Менеджер
Родионова;Венера;Арсеньевна;loginDEggp2018;bBNxJb;Менеджер
Агафонов;Пантелеймон;Гордеевич;loginDEbgb2018;VtmP58;Менеджер
Кудрявцев;Гордей;Авксентьевич;loginDEnif2018;Nhj*t+;Менеджер
Лыткина;Алевтина;Романовна;loginDEsvs2018;tLgPnC;Менеджер
Князев;Геласий;Евсеевич;loginDEghx2018;gue+iw;Менеджер
Бирюкова;Пелагея;Дмитрьевна;loginDElmy2018;X2LtuP;Менеджер
Быков;Лаврентий;Ярославович;loginDEevd2018;GMbcZN;Клиент
Воронов;Олег;Яковович;loginDEodd2018;s2|Eb1;Клиент
Богданова;Марфа;Владимировна;loginDEmrj2018;blrD&8;Администратор
Беляев;Донат;Агафонович;loginDEyct2018;uD+|Ud;Администратор
